06340453,
06340454,
06340455,
06340456,
06340457,
06340458,
06340459,
06340461,2
01020012,
01020013,
01020018,
01020020,
01020025,
01020034,
01020043,
02100156,
02100821,
02100776,
02090141,
02090142,
02090138,
02090811,
02090154,
09470671,
09470661,
09470662,
09470768,
09470663,
09470699,
09470665,
09470666,
09470667,
09470668,
09470669,
09470670,
09470703,
09470705,
09470672,
09470798,
02130793,
04240292,
04240302,
04240305,
04240306,
05320384,
05320385,
05320395,
05320397,
09460797,
09460656,
09460657,
09460659,
09460660,
03580804,2
03580805,2
03580803,2
03580807,2
03580808,2
03580806,2
04250315,
04220280,
01010002,
01010006,
03190257,2
03190259,2
03160231,
03160232,
03160235,
03160236,
03200268,
03200263,
03200264,2
03200265,2
03200267,
03200269,
06350447,
06340802,
