10570794,
10570761,
07370472,
07370479,
10590732,
02130212,
07410542,
10590759,
10540736,
02030045,2
02030056,2
10540734,
02030051,2
02030054,2
07380507,
02150223,
02030052,2
06340441,
09490698,
07420573,
07420599,
02130205,
02030060,2
07420567,
02600113,
02600099,
02150230,
02030046,2
07410534,
09490695,
02030055,2
10540737,
09490696,
02130204,
02030053,2
02070100,
02100183,
07420609,
07370476,
07370478,
02070098,
07370481,
02030059,2
07420588,
07420590,
07420604,
02120196,
09480708,
07420606,
07420584,
07370473,
07400524,
07420607,
07420585,
02130207,
10570758,
07420577,
02120200,
10570738,
02030044,2
07370465,
07420614,
07420572,
07400530,
02030058,2
07420580,
07420583,
07420557,
04240299,
07420579,
07420558,
02060086,
02030778,2
10570756,
02100777,
07420564,
07370470,
07420616,
07420548,
07420563,
07400526,
02070107,
07420617,
07420781,
02030048,2
07370782,
07370485,
07420598,
02130206,
02070102,
07420601,
02070109,
09480766,
10570731,
07420600,
07420574,
07370482,
07420575,
07400522,
07420562,
02600111,
02030779,2
02120199,
07370488,
07370483,
06340462,
07420566,
07370471,
07420608,
07420555,
07400523,
07370785,
07370487,
07420783,
07420605,
06340440,
02030049,2
07420576,
07420545,
07420591,
07420791,
07400525,
07370475,
07370480,
02030047,2
07420613,
07370474,
07420546,
07420615,
07370790,
07420550,
07420765,
07420787,
07420547,
02130209,
07420569,
07420565,
02070105,
07370491,
07370494,
07370464,
02030057,2
07420788,
07420784,
07420603,
04240297,
07400528,
02600104,
07370493,
10530729,
07420549,
07420553,
07420586,
07420589,
02130211,
07420581,
07370467,
07370486,
07420612,
07370490,
07420582,
07370468,
07420568,
07400529,
07370489,
10530728,
10540735,
04240294,
09490697,
07370495,
07420602,
04240298,
07370498,2
02030050,2
07420551,
07420594,
02060092,
02070096,
05290357,
07370466,
07420571,
07370477,
07370497,
07420767,
02150224,
02070108,
05280780,
